zip,city,county,population
19120,Philadelphia,Philadelphia,74270
19124,Philadelphia,Philadelphia,71858
19111,Philadelphia,Philadelphia,67159
15240,Pittsburgh,Allegheny,0
15261,Pittsburgh,Allegheny,0
15275,Pittsburgh,Allegheny,0
17603,Lancaster,Lancaster,65022
19143,Philadelphia,Philadelphia,62927
19134,Philadelphia,Philadelphia,61615
19149,Philadelphia,Philadelphia,58811
19446,Lansdale,Montgomery,58570
15601,Greensburg,Westmoreland,56328
19320,Coatesville,Chester,55219
19020,Bensalem,Bucks,54850
19382,West Chester,Chester,54748
17601,Lancaster,Lancaster,53023
19140,Philadelphia,Philadelphia,52608
19067,Morrisville,Bucks,52519
19104,Philadelphia,Philadelphia,52480
17331,Hanover,York,52219
19148,Philadelphia,Philadelphia,51754
18102,Allentown,Lehigh,50702
17602,Lancaster,Lancaster,50660
19380,West Chester,Chester,50501
15301,Washington,Washington,49238
19335,Downingtown,Chester,48272
19464,Pottstown,Montgomery,47040
18103,Allentown,Lehigh,46884
19403,Norristown,Montgomery,46794
16801,State College,Centre,45527
19139,Philadelphia,Philadelphia,45198
17543,Lititz,Lancaster,44973
19144,Philadelphia,Philadelphia,44968
19131,Philadelphia,Philadelphia,44649
19145,Philadelphia,Philadelphia,44508
15642,Irwin,Westmoreland,44333
18104,Allentown,Lehigh,44217
17701,Williamsport,Lycoming,43068
19082,Upper Darby,Delaware,42670
18042,Easton,Northampton,42387
19460,Phoenixville,Chester,41615
15108,Coraopolis,Allegheny,41447
19401,Norristown,Montgomery,41287
15237,Pittsburgh,Allegheny,41264
19426,Collegeville,Montgomery,40870
19146,Philadelphia,Philadelphia,40635
18974,Warminster,Bucks,40405
18702,Wilkes Barre,Luzerne,40105
15317,Canonsburg,Washington,39823
18017,Bethlehem,Northampton,39705
17403,York,York,39217
17050,Mechanicsburg,Cumberland,38993
19147,Philadelphia,Philadelphia,38809
16001,Butler,Butler,38363
17402,York,York,38026
17011,Camp Hill,Cumberland,37718
19128,Philadelphia,Philadelphia,37677
15068,New Kensington,Westmoreland,37442
19152,Philadelphia,Philadelphia,37436
17404,York,York,37280
17055,Mechanicsburg,Cumberland,37130
17042,Lebanon,Lebanon,36949
17013,Carlisle,Cumberland,36627
19083,Havertown,Delaware,36110
19135,Philadelphia,Philadelphia,36102
17112,Harrisburg,Dauphin,36080
19606,Reading,Berks,35750
19115,Philadelphia,Philadelphia,35504
19063,Media,Delaware,35439
18951,Quakertown,Bucks,35331
18966,Southampton,Bucks,35147
19013,Chester,Delaware,35113
19136,Philadelphia,Philadelphia,34962
19154,Philadelphia,Philadelphia,34946
17522,Ephrata,Lancaster,34400
15235,Pittsburgh,Allegheny,34339
19141,Philadelphia,Philadelphia,34115
19116,Philadelphia,Philadelphia,33976
19138,Philadelphia,Philadelphia,33711
15701,Indiana,Indiana,33460
19601,Reading,Berks,33382
17111,Harrisburg,Dauphin,33261
19047,Langhorne,Bucks,33199
18015,Bethlehem,Northampton,32936
19087,Wayne,Delaware,32592
19151,Philadelphia,Philadelphia,32306
16601,Altoona,Blair,31825
19121,Philadelphia,Philadelphia,31664
19038,Glenside,Montgomery,31615
17046,Lebanon,Lebanon,31587
19114,Philadelphia,Philadelphia,31448
16101,New Castle,Lawrence,31405
18018,Bethlehem,Northampton,31240
16066,Cranberry Twp,Butler,31231
19002,Ambler,Montgomery,31166
15001,Aliquippa,Beaver,31129
17022,Elizabethtown,Lancaster,31045
16823,Bellefonte,Centre,30978
15401,Uniontown,Fayette,30401
19026,Drexel Hill,Delaware,30357
18704,Kingston,Luzerne,30181
19142,Philadelphia,Philadelphia,29864
19132,Philadelphia,Philadelphia,29850
17815,Bloomsburg,Columbia,29705
18301,East Stroudsburg,Monroe,29694
15221,Pittsburgh,Allegheny,29451
15102,Bethel Park,Allegheny,29419
15206,Pittsburgh,Allegheny,29197
18940,Newtown,Bucks,29164
17257,Shippensburg,Cumberland,29164
17268,Waynesboro,Franklin,29153
19604,Reading,Berks,29069
19119,Philadelphia,Philadelphia,29055
16602,Altoona,Blair,28609
17325,Gettysburg,Adams,28563
15236,Pittsburgh,Allegheny,28499
15044,Gibsonia,Allegheny,28105
19130,Philadelphia,Philadelphia,28010
18052,Whitehall,Lehigh,27896
18901,Doylestown,Bucks,27875
15227,Pittsburgh,Allegheny,27774
18360,Stroudsburg,Monroe,27759
15217,Pittsburgh,Allegheny,27566
19454,North Wales,Montgomery,27562
15146,Monroeville,Allegheny,27541
19050,Lansdowne,Delaware,27485
15213,Pittsburgh,Allegheny,27347
15010,Beaver Falls,Beaver,27205
16335,Meadville,Crawford,27120
15212,Pittsburgh,Allegheny,27067
18201,Hazleton,Luzerne,26978
15650,Latrobe,Westmoreland,26975
19355,Malvern,Chester,26920
15210,Pittsburgh,Allegheny,26875
16509,Erie,Erie,26838
18062,Macungie,Lehigh,26788
19133,Philadelphia,Philadelphia,26705
19406,King Of Prussia,Montgomery,26631
19053,Feasterville Trevose,Bucks,26498
17201,Chambersburg,Franklin,26362
18944,Perkasie,Bucks,26301
17315,Dover,York,26160
18045,Easton,Northampton,26070
18064,Nazareth,Northampton,25955
19125,Philadelphia,Philadelphia,25705
15101,Allison Park,Allegheny,25594
19064,Springfield,Delaware,25356
16510,Erie,Erie,25299
19468,Royersford,Montgomery,25284
17110,Harrisburg,Dauphin,25122
19103,Philadelphia,Philadelphia,25113
19438,Harleysville,Montgomery,24812
17109,Harrisburg,Dauphin,24726
16803,State College,Centre,24582
16506,Erie,Erie,24163
15090,Wexford,Allegheny,23970
19348,Kennett Square,Chester,23636
17406,York,York,23326
19608,Reading,Berks,23304
17057,Middletown,Dauphin,23157
19018,Clifton Heights,Delaware,23009
19607,Reading,Berks,22985
19150,Philadelphia,Philadelphia,22916
17901,Pottsville,Schuylkill,22878
15216,Pittsburgh,Allegheny,22670
15136,Mc Kees Rocks,Allegheny,22183
17545,Manheim,Lancaster,22174
17036,Hummelstown,Dauphin,22165
19040,Hatboro,Montgomery,22092
19023,Darby,Delaware,22087
17078,Palmyra,Lebanon,22071
15143,Sewickley,Allegheny,21966
19006,Huntingdon Valley,Montgomery,21897
18914,Chalfont,Bucks,21888
17356,Red Lion,York,21784
19010,Bryn Mawr,Delaware,21783
18505,Scranton,Lackawanna,21671
19007,Bristol,Bucks,21443
15205,Pittsburgh,Allegheny,21379
18411,Clarks Summit,Lackawanna,21312
18020,Bethlehem,Northampton,21196
19122,Philadelphia,Philadelphia,21067
17044,Lewistown,Mifflin,21013
19014,Aston,Delaware,21012
15241,Pittsburgh,Allegheny,20952
15132,Mc Keesport,Allegheny,20915
18504,Scranton,Lackawanna,20632
17225,Greencastle,Franklin,20576
19061,Marcus Hook,Delaware,20525
15239,Pittsburgh,Allegheny,20523
19073,Newtown Square,Delaware,20421
17552,Mount Joy,Lancaster,20369
18976,Warrington,Bucks,20313
19008,Broomall,Delaware,20240
19342,Glen Mills,Delaware,20069
17104,Harrisburg,Dauphin,19765
15905,Johnstown,Cambria,19676
17837,Lewisburg,Union,19665
15122,West Mifflin,Allegheny,19500
18603,Berwick,Columbia,19441
15106,Carnegie,Allegheny,19438
15202,Pittsburgh,Allegheny,19261
19440,Hatfield,Montgomery,19218
19027,Elkins Park,Montgomery,19216
17019,Dillsburg,York,19159
19341,Exton,Chester,19133
19422,Blue Bell,Montgomery,19018
15425,Connellsville,Fayette,18905
18235,Lehighton,Carbon,18904
18013,Bangor,Northampton,18880
15801,Du Bois,Clearfield,18871
19605,Reading,Berks,18863
17821,Danville,Montour,18773
18612,Dallas,Luzerne,18761
15644,Jeannette,Westmoreland,18550
16652,Huntingdon,Huntingdon,18469
15120,Homestead,Allegheny,18424
19428,Conshohocken,Montgomery,18215
19090,Willow Grove,Montgomery,18202
17745,Lock Haven,Clinton,18195
17033,Hershey,Dauphin,17969
19046,Jenkintown,Montgomery,17961
19473,Schwenksville,Montgomery,17910
17512,Columbia,Lancaster,17802
19123,Philadelphia,Philadelphia,17793
19465,Pottstown,Chester,17750
16365,Warren,Warren,17675
18067,Northampton,Northampton,17608
18049,Emmaus,Lehigh,17601
18466,Tobyhanna,Monroe,17531
15228,Pittsburgh,Allegheny,17508
18109,Allentown,Lehigh,17425
15220,Pittsburgh,Allegheny,17401
19057,Levittown,Bucks,17240
19363,Oxford,Chester,17170
19525,Gilbertsville,Montgomery,17148
16701,Bradford,Mckean,17072
16125,Greenville,Mercer,17056
16046,Mars,Butler,17044
19054,Levittown,Bucks,17040
17401,York,York,16973
18640,Pittston,Luzerne,16917
19001,Abington,Montgomery,16871
15057,Mc Donald,Washington,16834
18040,Easton,Northampton,16790
19512,Boyertown,Berks,16736
15147,Verona,Allegheny,16693
19015,Brookhaven,Delaware,16647
16201,Kittanning,Armstrong,16645
19126,Philadelphia,Philadelphia,16609
17070,New Cumberland,Cumberland,16609
16504,Erie,Erie,16571
17025,Enola,Cumberland,16511
19425,Chester Springs,Chester,16445
19602,Reading,Berks,16410
15904,Johnstown,Cambria,16347
16117,Ellwood City,Lawrence,16285
19044,Horsham,Montgomery,16216
19056,Levittown,Bucks,16153
15501,Somerset,Somerset,16150
15219,Pittsburgh,Allegheny,16101
16508,Erie,Erie,16021
17517,Denver,Lancaster,15974
16148,Hermitage,Mercer,15949
19530,Kutztown,Berks,15939
15025,Clairton,Allegheny,15911
18707,Mountain Top,Luzerne,15891
19610,Reading,Berks,15871
18706,Wilkes Barre,Luzerne,15861
16503,Erie,Erie,15855
16502,Erie,Erie,15818
15666,Mount Pleasant,Westmoreland,15750
19518,Douglassville,Berks,15619
16505,Erie,Erie,15615
17801,Sunbury,Northumberland,15583
19508,Birdsboro,Berks,15523
16002,Butler,Butler,15509
15017,Bridgeville,Allegheny,15363
17870,Selinsgrove,Snyder,15273
16127,Grove City,Mercer,15263
15012,Belle Vernon,Fayette,15243
19462,Plymouth Meeting,Montgomery,15203
16105,New Castle,Lawrence,15147
16323,Franklin,Venango,15141
15009,Beaver,Beaver,15114
17067,Myerstown,Lebanon,15111
16301,Oil City,Venango,15044
18969,Telford,Montgomery,14930
17557,New Holland,Lancaster,14860
19107,Philadelphia,Philadelphia,14689
16057,Slippery Rock,Butler,14434
18705,Wilkes Barre,Luzerne,14425
18036,Coopersburg,Lehigh,14399
15229,Pittsburgh,Allegheny,14378
16648,Hollidaysburg,Blair,14374
18964,Souderton,Montgomery,14307
19096,Wynnewood,Montgomery,14262
15767,Punxsutawney,Jefferson,14229
15214,Pittsburgh,Allegheny,14203
18337,Milford,Pike,14192
15116,Glenshaw,Allegheny,14088
15370,Waynesburg,Greene,13994
18444,Moscow,Lackawanna,13938
15226,Pittsburgh,Allegheny,13925
19390,West Grove,Chester,13821
18509,Scranton,Lackawanna,13786
15234,Pittsburgh,Allegheny,13711
19055,Levittown,Bucks,13672
19003,Ardmore,Delaware,13641
18407,Carbondale,Lackawanna,13629
18938,New Hope,Bucks,13560
16830,Clearfield,Clearfield,13551
19106,Philadelphia,Philadelphia,13536
18510,Scranton,Lackawanna,13534
19522,Fleetwood,Berks,13531
15218,Pittsburgh,Allegheny,13495
15668,Murrysville,Westmoreland,13469
18634,Nanticoke,Luzerne,13212
15613,Apollo,Westmoreland,13122
16146,Sharon,Mercer,13115
17362,Spring Grove,York,13088
18643,Pittston,Luzerne,13049
15243,Pittsburgh,Allegheny,12991
19036,Glenolden,Delaware,12984
18436,Lake Ariel,Wayne,12960
15201,Pittsburgh,Allegheny,12922
19153,Philadelphia,Philadelphia,12909
16686,Tyrone,Blair,12879
17350,New Oxford,Adams,12830
18353,Saylorsburg,Monroe,12806
16137,Mercer,Mercer,12769
15215,Pittsburgh,Allegheny,12637
17003,Annville,Lebanon,12565
17103,Harrisburg,Dauphin,12495
15066,New Brighton,Beaver,12487
16635,Duncansville,Blair,12438
15857,Saint Marys,Elk,12433
17754,Montoursville,Lycoming,12392
18508,Scranton,Lackawanna,12368
15238,Pittsburgh,Allegheny,12358
16428,North East,Erie,12313
17740,Jersey Shore,Lycoming,12306
17756,Muncy,Lycoming,12305
15061,Monaca,Beaver,12178
17566,Quarryville,Lancaster,12147
19344,Honey Brook,Chester,12145
19086,Wallingford,Delaware,12142
18431,Honesdale,Wayne,12133
15209,Pittsburgh,Allegheny,12087
15232,Pittsburgh,Allegheny,12017
18055,Hellertown,Northampton,12000
19030,Fairless Hills,Bucks,11989
17241,Newville,Cumberland,11877
18014,Bath,Northampton,11738
18428,Hawley,Pike,11668
19350,Landenberg,Chester,11606
15071,Oakdale,Allegheny,11595
18657,Tunkhannock,Wyoming,11575
18512,Scranton,Lackawanna,11550
18202,Hazleton,Luzerne,11527
15063,Monongahela,Washington,11511
18080,Slatington,Lehigh,11498
18960,Sellersville,Bucks,11484
16802,University Park,Centre,11473
19475,Spring City,Chester,11457
18954,Richboro,Bucks,11456
17319,Etters,York,11440
16511,Erie,Erie,11439
17847,Milton,Northumberland,11433
19352,Lincoln University,Chester,11432
19526,Hamburg,Berks,11415
19129,Philadelphia,Philadelphia,11408
19078,Ridley Park,Delaware,11379
18031,Breinigsville,Lehigh,11354
19540,Mohnton,Berks,11342
19312,Berwyn,Chester,11338
15065,Natrona Heights,Allegheny,11280
17313,Dallastown,York,11269
15003,Ambridge,Beaver,11212
15522,Bedford,Bedford,11196
15224,Pittsburgh,Allegheny,11079
17340,Littlestown,Adams,11024
17551,Millersville,Lancaster,11011
17972,Schuylkill Haven,Schuylkill,10936
18073,Pennsburg,Montgomery,10920
15902,Johnstown,Cambria,10905
19444,Lafayette Hill,Montgomery,10855
19118,Philadelphia,Philadelphia,10826
16354,Titusville,Crawford,10819
16407,Corry,Erie,10816
15203,Pittsburgh,Allegheny,10782
17540,Leola,Lancaster,10773
18840,Sayre,Bradford,10756
18252,Tamaqua,Schuylkill,10720
17222,Fayetteville,Franklin,10717
19611,Reading,Berks,10707
17584,Willow Street,Lancaster,10669
17702,Williamsport,Lycoming,10568
15207,Pittsburgh,Allegheny,10522
17844,Mifflinburg,Union,10504
18447,Olyphant,Lackawanna,10503
15211,Pittsburgh,Allegheny,10457
15906,Johnstown,Cambria,10364
15129,South Park,Allegheny,10363
16866,Philipsburg,Centre,10362
18071,Palmerton,Carbon,10362
17113,Harrisburg,Dauphin,10309
16214,Clarion,Clarion,10276
15037,Elizabeth,Allegheny,10239
15137,North Versailles,Allegheny,10215
17866,Coal Township,Northumberland,10190
18929,Jamison,Bucks,10136
16901,Wellsboro,Tioga,10136
15963,Windber,Somerset,10103
19081,Swarthmore,Delaware,10075
16441,Waterford,Erie,10069
19609,Reading,Berks,10066
19317,Chadds Ford,Delaware,10043
16412,Edinboro,Erie,10041
15084,Tarentum,Allegheny,10034
19072,Narberth,Montgomery,10008
15717,Blairsville,Indiana,10003
18222,Drums,Luzerne,9926
15656,Leechburg,Armstrong,9717
19021,Croydon,Bucks,9714
15022,Charleroi,Washington,9692
18058,Kunkletown,Monroe,9615
15367,Venetia,Washington,9559
19311,Avondale,Chester,9541
16507,Erie,Erie,9512
16415,Fairview,Erie,9492
18032,Catasauqua,Lehigh,9422
17872,Shamokin,Northumberland,9413
18034,Center Valley,Lehigh,9396
15931,Ebensburg,Cambria,9257
18324,Bushkill,Pike,9249
19004,Bala Cynwyd,Montgomery,9246
15825,Brookville,Jefferson,9229
15005,Baden,Beaver,9191
17020,Duncannon,Perry,9122
17963,Pine Grove,Schuylkill,9073
19079,Sharon Hill,Delaware,9068
18229,Jim Thorpe,Carbon,9038
18651,Plymouth,Luzerne,8987
19085,Villanova,Delaware,8981
15690,Vandergrift,Westmoreland,8977
19510,Blandon,Berks,8949
15658,Ligonier,Westmoreland,8936
15208,Pittsburgh,Allegheny,8916
17842,Middleburg,Snyder,8817
19565,Wernersville,Berks,8789
17363,Stewartstown,York,8772
17931,Frackville,Schuylkill,8728
18848,Towanda,Bradford,8703
19137,Philadelphia,Philadelphia,8652
18330,Effort,Monroe,8635
15332,Finleyville,Washington,8616
18069,Orefield,Lehigh,8600
15024,Cheswick,Allegheny,8555
17038,Jonestown,Lebanon,8553
15104,Braddock,Allegheny,8492
15417,Brownsville,Fayette,8398
17316,East Berlin,Adams,8391
19533,Leesport,Berks,8378
19033,Folsom,Delaware,8360
18088,Walnutport,Northampton,8342
17327,Glen Rock,York,8318
15632,Export,Westmoreland,8316
16059,Valencia,Butler,8278
18801,Montrose,Susquehanna,8254
15537,Everett,Bedford,8194
15074,Rochester,Beaver,8190
19560,Temple,Berks,8170
16417,Girard,Erie,8141
17236,Mercersburg,Franklin,8084
17547,Marietta,Lancaster,8068
18708,Shavertown,Luzerne,8056
18078,Schnecksville,Lehigh,8050
16055,Sarver,Butler,8036
15131,Mc Keesport,Allegheny,7960
17320,Fairfield,Adams,7956
15042,Freedom,Beaver,7951
17032,Halifax,Dauphin,7930
18518,Old Forge,Lackawanna,7909
15204,Pittsburgh,Allegheny,7905
17059,Mifflintown,Juniata,7889
17555,Narvon,Lancaster,7760
17345,Manchester,York,7737
18644,Wyoming,Luzerne,7715
16226,Ford City,Armstrong,7695
15683,Scottdale,Westmoreland,7680
17578,Stevens,Lancaster,7667
17851,Mount Carmel,Northumberland,7623
19075,Oreland,Montgomery,7600
16438,Union City,Erie,7588
18037,Coplay,Lehigh,7577
16870,Port Matilda,Centre,7576
19343,Glenmoore,Chester,7553
17102,Harrisburg,Dauphin,7531
19095,Wyncote,Montgomery,7515
18210,Albrightsville,Carbon,7504
19365,Parkesburg,Chester,7496
15085,Trafford,Westmoreland,7479
18328,Dingmans Ferry,Pike,7466
17538,Landisville,Lancaster,7311
15062,Monessen,Westmoreland,7287
17857,Northumberland,Northumberland,7281
16403,Cambridge Springs,Crawford,7278
17751,Mill Hall,Clinton,7267
17349,New Freedom,York,7261
16063,Zelienople,Butler,7248
17074,Newport,Perry,7220
15748,Homer City,Indiana,7216
17554,Mountville,Lancaster,7214
17921,Ashland,Schuylkill,7208
18472,Waymart,Wayne,7203
17061,Millersburg,Dauphin,7190
17777,Watsontown,Northumberland,7163
15021,Burgettstown,Washington,7093
17360,Seven Valleys,York,7072
19506,Bernville,Berks,7034
18641,Pittston,Luzerne,7010
15145,Turtle Creek,Allegheny,6982
19333,Devon,Chester,6893
18106,Allentown,Lehigh,6890
17519,East Earl,Lancaster,6859
18925,Furlong,Bucks,6825
15126,Imperial,Allegheny,6805
17976,Shenandoah,Schuylkill,6787
18403,Archbald,Lackawanna,6768
17339,Lewisberry,York,6766
16150,Sharpsville,Mercer,6760
19012,Cheltenham,Montgomery,6749
19301,Paoli,Chester,6689
19032,Folcroft,Delaware,6629
19070,Morton,Delaware,6625
17737,Hughesville,Lycoming,6596
17347,Mount Wolf,York,6577
19076,Prospect Park,Delaware,6559
19025,Dresher,Montgomery,6545
17361,Shrewsbury,York,6544
15139,Oakmont,Allegheny,6504
15223,Pittsburgh,Allegheny,6493
15851,Reynoldsville,Jefferson,6478
15089,West Newton,Westmoreland,6476
15946,Portage,Cambria,6471
16401,Albion,Erie,6431
18072,Pen Argyl,Northampton,6429
16033,Evans City,Butler,6425
17569,Reinholds,Lancaster,6422
15853,Ridgway,Elk,6379
16933,Mansfield,Tioga,6374
16841,Howard,Centre,6366
18947,Pipersville,Bucks,6356
16142,New Wilmington,Lawrence,6349
17579,Strasburg,Lancaster,6320
19041,Haverford,Delaware,6277
18621,Hunlock Creek,Luzerne,6261
17307,Biglerville,Adams,6259
17368,Wrightsville,York,6198
17322,Felton,York,6191
15133,Mc Keesport,Allegheny,6173
18091,Wind Gap,Northampton,6155
18066,New Tripoli,Lehigh,6143
18433,Jermyn,Lackawanna,6128
18224,Freeland,Luzerne,6113
19034,Fort Washington,Montgomery,6107
17961,Orwigsburg,Schuylkill,6102
16915,Coudersport,Potter,6099
17314,Delta,York,6085
18847,Susquehanna,Susquehanna,6011
17073,Newmanstown,Lebanon,6000
17366,Windsor,York,5974
16662,Martinsburg,Blair,5967
19074,Norwood,Delaware,5957
15627,Derry,Westmoreland,5955
16735,Kane,Mckean,5952
19520,Elverson,Chester,5889
17007,Boiling Springs,Cumberland,5888
17810,Allenwood,Union,5884
19362,Nottingham,Chester,5844
16651,Houtzdale,Clearfield,5818
19543,Morgantown,Berks,5816
15552,Meyersdale,Somerset,5772
19330,Cochranville,Chester,5726
18074,Perkiomenville,Montgomery,5709
18810,Athens,Bradford,5707
16102,New Castle,Lawrence,5694
17527,Gap,Lancaster,5655
17090,Shermans Dale,Perry,5636
19567,Womelsdorf,Berks,5628
19127,Philadelphia,Philadelphia,5610
15478,Smithfield,Fayette,5554
15110,Duquesne,Allegheny,5534
17043,Lemoyne,Cumberland,5503
15222,Pittsburgh,Allegheny,5468
18414,Dalton,Lackawanna,5461
18011,Alburtis,Lehigh,5458
18655,Shickshinny,Luzerne,5441
18041,East Greenville,Montgomery,5429
17370,York Haven,York,5423
17820,Catawissa,Columbia,5405
16673,Roaring Spring,Blair,5385
19102,Philadelphia,Philadelphia,5335
19066,Merion Station,Montgomery,5319
17560,New Providence,Lancaster,5287
17066,Mount Union,Huntingdon,5284
16833,Curwensville,Clearfield,5265
18610,Blakeslee,Monroe,5247
17509,Christiana,Lancaster,5246
16314,Cochranton,Crawford,5240
17233,Mc Connellsburg,Fulton,5214
16229,Freeport,Armstrong,5203
16433,Saegertown,Crawford,5193
15530,Berlin,Somerset,5167
18507,Moosic,Lackawanna,5159
15320,Carmichaels,Greene,5157
18424,Gouldsboro,Wayne,5148
17053,Marysville,Perry,5135
17922,Auburn,Schuylkill,5111
17529,Gordonville,Lancaster,5100
18661,White Haven,Luzerne,5055
15330,Eighty Four,Washington,5039
16025,Chicora,Butler,5035
17004,Belleville,Mifflin,5016
15135,Mc Keesport,Allegheny,5004
18519,Dickson City,Lackawanna,4997
15824,Brockway,Jefferson,4962
18054,Green Lane,Montgomery,4909
18452,Peckville,Lackawanna,4909
15342,Houston,Washington,4892
16159,West Middlesex,Mercer,4885
17516,Conestoga,Lancaster,4875
15626,Delmont,Westmoreland,4854
17724,Canton,Bradford,4840
16316,Conneaut Lake,Crawford,4821
18517,Taylor,Lackawanna,4807
16630,Cresson,Cambria,4778
15681,Saltsburg,Indiana,4773
17562,Paradise,Lancaster,4770
19539,Mertztown,Berks,4740
18101,Allentown,Lehigh,4738
17051,Mc Veytown,Mifflin,4729
15909,Johnstown,Cambria,4703
17948,Mahanoy City,Schuylkill,4702
17520,East Petersburg,Lancaster,4688
16827,Boalsburg,Centre,4686
19547,Oley,Berks,4684
15033,Donora,Washington,4675
17841,Mc Clure,Snyder,4666
15636,Harrison City,Westmoreland,4658
19405,Bridgeport,Montgomery,4648
16424,Linesville,Crawford,4641
17728,Cogan Station,Lycoming,4636
18419,Factoryville,Wyoming,4632
16121,Farrell,Mercer,4632
17814,Benton,Columbia,4604
16828,Centre Hall,Centre,4603
19504,Barto,Berks,4599
19541,Mohrsville,Berks,4598
17084,Reedsville,Mifflin,4580
16037,Harmony,Butler,4558
16947,Troy,Bradford,4531
17048,Lykens,Dauphin,4530
19551,Robesonia,Berks,4524
15714,Northern Cambria,Cambria,4509
17752,Montgomery,Lycoming,4503
18334,Long Pond,Monroe,4471
16023,Cabot,Butler,4462
17301,Abbottstown,Adams,4462
16239,Marienville,Forest,4458
17501,Akron,Lancaster,4450
18255,Weatherly,Carbon,4411
16056,Saxonburg,Butler,4403
18977,Washington Crossing,Bucks,4395
17954,Minersville,Schuylkill,4393
17068,New Bloomfield,Perry,4391
19031,Flourtown,Montgomery,4390
19373,Thornton,Delaware,4389
15045,Glassport,Allegheny,4338
15419,California,Washington,4333
18853,Wyalusing,Bradford,4332
17018,Dauphin,Dauphin,4299
17062,Millerstown,Perry,4289
18421,Forest City,Susquehanna,4289
19094,Woodlyn,Delaware,4280
15323,Claysville,Washington,4265
16242,New Bethlehem,Clarion,4259
15059,Midland,Beaver,4227
16232,Knox,Clarion,4199
17960,New Ringgold,Schuylkill,4183
15431,Dunbar,Fayette,4167
16053,Renfrew,Butler,4125
15834,Emporium,Cameron,4107
18426,Greentown,Pike,4091
17563,Peach Bottom,Lancaster,4075
16693,Williamsburg,Blair,4066
17324,Gardners,Adams,4061
17846,Millville,Columbia,4052
16625,Claysburg,Blair,4044
16875,Spring Mills,Centre,4042
16749,Smethport,Mckean,4039
17372,York Springs,Adams,4028
19529,Kempton,Berks,4028
19029,Essington,Delaware,4027
16423,Lake City,Erie,4018
15610,Acme,Westmoreland,4016
15461,Masontown,Fayette,4014
18343,Mount Bethel,Northampton,4010
15312,Avella,Washington,4009
15144,Springdale,Allegheny,4002
19022,Crum Lynne,Delaware,3986
17572,Ronks,Lancaster,3985
17028,Grantville,Dauphin,3982
17026,Fredericksburg,Lebanon,3981
17240,Newburg,Cumberland,3981
19035,Gladwyne,Montgomery,3936
16134,Jamestown,Mercer,3927
16743,Port Allegany,Mckean,3898
18642,Duryea,Luzerne,3862
15940,Loretto,Cambria,3860
18240,Nesquehoning,Carbon,3806
18336,Matamoras,Pike,3800
18635,Nescopeck,Luzerne,3790
18344,Mount Pocono,Monroe,3780
18434,Jessup,Lackawanna,3772
18232,Lansford,Carbon,3761
17824,Elysburg,Northumberland,3758
18237,Mcadoo,Schuylkill,3725
17364,Thomasville,York,3699
17045,Liverpool,Perry,3687
18618,Harveys Lake,Luzerne,3684
17252,Saint Thomas,Franklin,3681
18249,Sugarloaf,Luzerne,3676
15531,Boswell,Somerset,3672
16038,Harrisville,Butler,3656
18660,Wapwallopen,Luzerne,3645
18092,Zionsville,Lehigh,3617
16346,Seneca,Venango,3615
16254,Shippenville,Clarion,3572
18038,Danielsville,Northampton,3562
17065,Mount Holly Springs,Cumberland,3559
19505,Bechtelsville,Berks,3546
16858,Morrisdale,Clearfield,3538
15943,Nanty Glo,Cambria,3534
15901,Johnstown,Cambria,3518
17344,Mc Sherrystown,Adams,3515
18834,New Milford,Susquehanna,3508
15473,Perryopolis,Fayette,3495
17747,Loganton,Clinton,3494
15314,Bentleyville,Washington,3478
15233,Pittsburgh,Allegheny,3466
18701,Wilkes Barre,Luzerne,3459
15846,Kersey,Elk,3455
15728,Clymer,Indiana,3447
16345,Russell,Warren,3436
17353,Orrtanna,Adams,3413
16925,Gillett,Bradford,3407
17023,Elizabethville,Dauphin,3405
16426,Mc Kean,Erie,3389
16668,Patton,Cambria,3381
16115,Darlington,Beaver,3369
17536,Kirkwood,Lancaster,3361
15557,Rockwood,Somerset,3358
19507,Bethel,Berks,3358
17049,Mc Alisterville,Juniata,3358
16371,Youngsville,Warren,3347
19555,Shoemakersville,Berks,3344
15672,New Stanton,Westmoreland,3343
16442,Wattsburg,Erie,3334
15026,Clinton,Allegheny,3324
17853,Mount Pleasant Mills,Snyder,3320
18332,Henryville,Monroe,3309
16406,Conneautville,Crawford,3294
17532,Holtwood,Lancaster,3287
16404,Centerville,Crawford,3286
16950,Westfield,Tioga,3283
15541,Friedens,Somerset,3255
17082,Port Royal,Juniata,3233
16434,Spartansburg,Crawford,3228
19383,West Chester,Chester,3222
17834,Kulpmont,Northumberland,3222
17063,Milroy,Mifflin,3221
18972,Upper Black Eddy,Bucks,3220
18051,Fogelsville,Lehigh,3217
15670,New Alexandria,Westmoreland,3215
19310,Atglen,Chester,3207
15140,Pitcairn,Allegheny,3180
16373,Emlenton,Venango,3172
17771,Trout Run,Lycoming,3168
17970,Saint Clair,Schuylkill,3167
16156,Volant,Lawrence,3148
18822,Hallstead,Susquehanna,3096
17856,New Columbia,Union,3094
18630,Meshoppen,Wyoming,3086
15935,Hollsopple,Somerset,3084
15112,East Pittsburgh,Allegheny,3073
17407,York,York,3070
16248,Rimersburg,Clarion,3059
15014,Brackenridge,Allegheny,3055
18446,Nicholson,Wyoming,3048
16666,Osceola Mills,Clearfield,3043
18326,Cresco,Monroe,3041
18322,Brodheadsville,Monroe,3020
15563,Stoystown,Somerset,2986
16049,Parker,Armstrong,2982
18250,Summit Hill,Carbon,2981
16353,Tionesta,Forest,2976
16061,West Sunbury,Butler,2975
15944,New Florence,Westmoreland,2971
18458,Shohola,Pike,2968
15052,Industry,Beaver,2958
16145,Sandy Lake,Mercer,2953
18347,Pocono Lake,Monroe,2932
18076,Red Hill,Montgomery,2931
17980,Tower City,Schuylkill,2931
16157,Wampum,Lawrence,2930
18372,Tannersville,Monroe,2926
16222,Dayton,Armstrong,2923
17535,Kinzers,Lancaster,2912
18837,Rome,Bradford,2899
16051,Portersville,Butler,2896
18709,Luzerne,Luzerne,2892
17859,Orangeville,Columbia,2890
17087,Richland,Lebanon,2884
15545,Hyndman,Bedford,2882
17744,Linden,Lycoming,2881
15697,Youngwood,Westmoreland,2867
15437,Farmington,Fayette,2861
15845,Johnsonburg,Elk,2857
16116,Edinburg,Lawrence,2854
17267,Warfordsburg,Fulton,2854
15759,Marion Center,Indiana,2848
19043,Holmes,Delaware,2828
16748,Shinglehouse,Potter,2824
15456,Lemont Furnace,Fayette,2824
17047,Loysville,Perry,2815
16327,Guys Mills,Crawford,2813
18942,Ottsville,Bucks,2805
17304,Aspers,Adams,2795
16262,Worthington,Armstrong,2794
15774,Shelocta,Armstrong,2769
18405,Beach Lake,Wayne,2712
15050,Hookstown,Beaver,2690
15445,Hopwood,Fayette,2690
18325,Canadensis,Monroe,2684
17502,Bainbridge,Lancaster,2673
17981,Tremont,Schuylkill,2669
16617,Bellwood,Blair,2637
16123,Fombell,Beaver,2625
16611,Alexandria,Huntingdon,2624
16844,Julian,Centre,2623
17889,Winfield,Union,2609
16421,Harborcreek,Erie,2606
19562,Topton,Berks,2602
15436,Fairchance,Fayette,2602
15956,South Fork,Cambria,2596
15510,Somerset,Somerset,2588
15046,Crescent,Allegheny,2573
17094,Thompsontown,Juniata,2569
17302,Airville,York,2566
18623,Laceyville,Wyoming,2559
17329,Glenville,York,2554
16052,Prospect,Butler,2544
16912,Blossburg,Tioga,2544
15067,New Eagle,Washington,2532
16641,Gallitzin,Cambria,2519
17938,Hegins,Schuylkill,2517
17034,Highspire,Dauphin,2512
15618,Avonmore,Westmoreland,2511
16929,Lawrenceville,Tioga,2503
18445,Newfoundland,Wayne,2493
15469,Normalville,Fayette,2491
15423,Coal Center,Washington,2487
15926,Central City,Somerset,2478
16738,Lewis Run,Mckean,2476
18656,Sweet Valley,Luzerne,2472
16914,Columbia Cross Roads,Bradford,2461
15468,New Salem,Fayette,2461
16678,Saxton,Bedford,2456
18930,Kintnersville,Bucks,2454
16120,Enon Valley,Lawrence,2450
15458,Mc Clellandtown,Fayette,2449
16881,Woodland,Clearfield,2446
15148,Wilmerding,Allegheny,2423
15554,New Paris,Bedford,2422
15450,La Belle,Fayette,2414
16350,Sugar Grove,Warren,2385
16946,Tioga,Tioga,2354
16731,Eldred,Mckean,2342
17764,Renovo,Clinton,2341
15938,Lilly,Cambria,2340
17772,Turbotville,Northumberland,2333
17040,Landisburg,Perry,2328
16637,East Freedom,Blair,2323
18346,Pocono Summit,Monroe,2322
17098,Williamstown,Dauphin,2307
17264,Three Springs,Huntingdon,2304
17321,Fawn Grove,York,2304
15679,Ruffs Dale,Westmoreland,2298
17565,Pequea,Lancaster,2297
16153,Stoneboro,Mercer,2296
15027,Conway,Beaver,2287
18077,Riegelsville,Bucks,2279
15955,Sidman,Cambria,2266
16154,Transfer,Mercer,2259
17309,Brogue,York,2251
18053,Germansville,Lehigh,2248
16877,Warriors Mark,Huntingdon,2244
16041,Karns City,Butler,2236
17967,Ringtown,Schuylkill,2234
15954,Seward,Westmoreland,2234
15043,Georgetown,Beaver,2228
17864,Port Trevorton,Snyder,2222
17860,Paxinos,Northumberland,2217
17365,Wellsville,York,2206
15486,Vanderbilt,Fayette,2206
16342,Polk,Venango,2202
17101,Harrisburg,Dauphin,2199
18218,Coaldale,Schuylkill,2164
16646,Hastings,Cambria,2159
16143,Pulaski,Lawrence,2157
16664,New Enterprise,Bedford,2156
15479,Smithton,Westmoreland,2151
15942,Mineral Point,Cambria,2121
16627,Coalport,Clearfield,2118
16256,Smicksburg,Indiana,2116
17086,Richfield,Juniata,2115
17244,Orrstown,Franklin,2113
15558,Salisbury,Somerset,2113
18917,Dublin,Bucks,2110
17813,Beavertown,Snyder,2094
15928,Davidsville,Somerset,2094
16130,Hadley,Mercer,2089
16410,Cranesville,Erie,2087
15438,Fayette City,Fayette,2087
17224,Fort Loudon,Franklin,2077
16936,Millerton,Tioga,2070
16259,Templeton,Armstrong,2070
15442,Grindstone,Fayette,2060
15724,Cherry Tree,Indiana,2059
16669,Petersburg,Huntingdon,2058
15639,Hunker,Westmoreland,2042
19372,Thorndale,Chester,2042
17582,Washington Boro,Lancaster,2022
15535,Clearville,Bedford,2018
16347,Sheffield,Warren,2007
17237,Mont Alto,Franklin,2006
15424,Confluence,Somerset,2006
17830,Herndon,Northumberland,1988
15722,Carrolltown,Cambria,1984
18470,Union Dale,Susquehanna,1976
15958,Summerhill,Cambria,1973
15474,Point Marion,Fayette,1968
18615,Falls,Wyoming,1966
18850,Ulster,Bradford,1965
15480,Smock,Fayette,1959
16249,Rural Valley,Armstrong,1952
17024,Elliottsburg,Perry,1951
18832,Monroeton,Bradford,1944
18844,Springville,Susquehanna,1944
18614,Dushore,Sullivan,1937
15333,Fredericktown,Washington,1926
17027,Grantham,Cumberland,1908
18833,New Albany,Bradford,1902
17845,Millmont,Union,1902
16920,Elkland,Tioga,1899
17009,Burnham,Mifflin,1892
17965,Port Carbon,Schuylkill,1890
15035,East Mc Keesport,Allegheny,1885
15428,Dawson,Fayette,1880
15840,Falls Creek,Jefferson,1858
16822,Beech Creek,Clinton,1850
18629,Mehoopany,Wyoming,1838
15550,Manns Choice,Bedford,1834
16034,Fenelton,Butler,1831
16838,Grampian,Clearfield,1825
15923,Bolivar,Westmoreland,1817
18617,Glen Lyon,Luzerne,1813
17876,Shamokin Dam,Snyder,1812
16435,Springboro,Crawford,1806
15747,Home,Indiana,1803
16922,Galeton,Potter,1800
16340,Pittsfield,Warren,1795
15338,Greensboro,Greene,1789
16313,Clarendon,Warren,1785
15360,Scenery Hill,Washington,1785
15521,Alum Bank,Bedford,1782
16374,Kennerdell,Venango,1776
16865,Pennsylvania Furnace,Centre,1763
15772,Rossiter,Indiana,1748
16141,New Galilee,Beaver,1736
18214,Barnesville,Schuylkill,1720
18854,Wysox,Bradford,1715
15034,Dravosburg,Allegheny,1710
17238,Needmore,Fulton,1701
16820,Aaronsburg,Centre,1698
16028,East Brady,Clarion,1692
19453,Mont Clare,Montgomery,1691
16255,Sligo,Clarion,1690
16124,Fredonia,Mercer,1689
16655,Imler,Bedford,1666
16878,West Decatur,Clearfield,1658
15322,Clarksville,Greene,1655
16258,Strattanville,Clarion,1648
16650,Hopewell,Bedford,1644
18321,Bartonsville,Monroe,1642
18812,Brackney,Susquehanna,1640
15344,Jefferson,Greene,1628
17352,New Park,York,1628
15459,Markleysburg,Fayette,1625
17058,Mifflin,Juniata,1622
17518,Drumore,Lancaster,1618
16341,Pleasantville,Venango,1617
15019,Bulger,Washington,1617
16948,Ulysses,Potter,1612
17093,Summerdale,Cumberland,1611
18370,Swiftwater,Monroe,1600
19534,Lenhartsville,Berks,1597
16563,Erie,Erie,1596
15559,Schellsburg,Bedford,1594
16639,Fallentimber,Cambria,1592
15952,Salix,Cambria,1578
17052,Mapleton Depot,Huntingdon,1573
16240,Mayport,Clarion,1573
16501,Erie,Erie,1569
17812,Beaver Springs,Snyder,1562
16872,Rebersburg,Centre,1556
15376,West Alexander,Washington,1547
15329,Prosperity,Washington,1547
17878,Stillwater,Columbia,1546
15732,Creekside,Indiana,1541
15765,Penn Run,Indiana,1541
17721,Avis,Clinton,1532
16112,Bessemer,Lawrence,1529
15327,Dilliner,Greene,1521
16351,Tidioute,Warren,1521
16133,Jackson Center,Mercer,1516
15357,Rices Landing,Greene,1513
18056,Hereford,Berks,1510
17017,Dalmatia,Northumberland,1500
15464,Mill Run,Fayette,1498
15321,Cecil,Washington,1497
15349,Mount Morris,Greene,1497
17262,Spring Run,Franklin,1494
18415,Damascus,Wayne,1491
15864,Summerville,Jefferson,1489
18824,Hop Bottom,Susquehanna,1487
16667,Osterburg,Bedford,1483
16923,Genesee,Potter,1481
15757,Mahaffey,Clearfield,1466
17935,Girardville,Schuylkill,1464
17505,Bird In Hand,Lancaster,1460
15725,Clarksburg,Indiana,1452
15868,Weedville,Elk,1448
16928,Knoxville,Tioga,1447
15936,Hooversville,Somerset,1440
15410,Adah,Fayette,1422
16111,Atlantic,Crawford,1422
18955,Richlandtown,Bucks,1414
16874,Snow Shoe,Centre,1411
19503,Bally,Berks,1410
16657,James Creek,Huntingdon,1397
17959,New Philadelphia,Schuylkill,1395
16411,East Springfield,Erie,1390
16360,Townville,Crawford,1387
17881,Trevorton,Northumberland,1375
15345,Marianna,Washington,1370
17774,Unityville,Lycoming,1369
15311,Amity,Washington,1369
17243,Orbisonia,Huntingdon,1364
17016,Cornwall,Lebanon,1352
17929,Cressona,Schuylkill,1350
18636,Noxen,Wyoming,1343
17983,Valley View,Schuylkill,1343
15829,Corsica,Jefferson,1342
18219,Conyngham,Luzerne,1340
16317,Cooperstown,Venango,1327
16218,Cowansville,Armstrong,1326
15451,Lake Lynn,Fayette,1313
15018,Buena Vista,Allegheny,1296
15533,Breezewood,Bedford,1292
18464,Tafton,Pike,1291
18826,Kingsley,Susquehanna,1289
15475,Republic,Fayette,1288
15849,Penfield,Clearfield,1283
16050,Petrolia,Butler,1283
16613,Ashville,Cambria,1277
15865,Sykesville,Jefferson,1272
17229,Hustontown,Fulton,1268
15015,Bradfordwoods,Allegheny,1267
16364,Venus,Venango,1260
16656,Irvona,Clearfield,1259
17823,Dornsife,Northumberland,1252
16319,Cranberry,Venango,1244
15637,Herminie,Westmoreland,1239
16720,Austin,Potter,1238
18923,Fountainville,Bucks,1235
17985,Zion Grove,Schuylkill,1232
16695,Woodbury,Bedford,1213
16233,Leeper,Clarion,1208
18465,Thompson,Susquehanna,1208
15729,Commodore,Indiana,1204
18821,Great Bend,Susquehanna,1203
18354,Sciota,Monroe,1201
18503,Scranton,Lackawanna,1197
16930,Liberty,Tioga,1190
17886,West Milton,Union,1190
15673,North Apollo,Armstrong,1186
16235,Lucinda,Clarion,1185
17255,Shade Gap,Huntingdon,1181
17765,Roaring Branch,Tioga,1179
18818,Friendsville,Susquehanna,1178
18254,Tresckow,Carbon,1175
15340,Hickory,Washington,1172
15665,Manor,Westmoreland,1172
18085,Tatamy,Northampton,1170
16443,West Springfield,Erie,1166
15675,Penn,Westmoreland,1164
18355,Scotrun,Monroe,1163
17868,Riverside,Northumberland,1162
15622,Champion,Westmoreland,1159
16746,Roulette,Potter,1156
15870,Wilcox,Elk,1151
18438,Lakeville,Wayne,1148
19501,Adamstown,Lancaster,1145
16224,Fairmount City,Clarion,1134
17099,Yeagertown,Mifflin,1133
16935,Middlebury Center,Tioga,1126
15030,Creighton,Allegheny,1124
15823,Brockport,Elk,1123
16045,Lyndora,Butler,1111
18216,Beaver Meadows,Carbon,1106
19437,Gwynedd Valley,Montgomery,1091
18211,Andreas,Schuylkill,1077
15860,Sigel,Jefferson,1075
18453,Pleasant Mount,Wayne,1073
16917,Covington,Tioga,1072
15762,Nicktown,Cambria,1069
15924,Cairnbrook,Somerset,1068
15542,Garrett,Somerset,1067
15056,Leetsdale,Allegheny,1063
17228,Harrisonville,Fulton,1062
18425,Greeley,Pike,1059
15358,Richeyville,Washington,1058
15688,Tarrs,Westmoreland,1052
15687,Stahlstown,Westmoreland,1042
16740,Mount Jewett,Mckean,1036
15742,Glen Campbell,Indiana,1034
16836,Frenchville,Clearfield,1034
15055,Lawrence,Washington,1030
17006,Blain,Perry,1028
18831,Milan,Bradford,1023
16444,Edinboro,Erie,1022
19545,New Berlinville,Berks,1015
18417,Equinunk,Wayne,1014
19374,Toughkenamon,Chester,1013
15225,Pittsburgh,Allegheny,1006
16020,Boyers,Butler,1006
16845,Karthaus,Clearfield,984
17260,Shirleysburg,Huntingdon,979
18631,Mifflinville,Columbia,973
15427,Daisytown,Washington,971
16040,Hilliards,Butler,971
15631,Everson,Fayette,970
17936,Gordon,Schuylkill,969
15142,Presto,Allegheny,957
15848,Luthersburg,Clearfield,954
18846,Sugar Run,Bradford,951
17060,Mill Creek,Huntingdon,947
15351,Nemacolin,Greene,943
18352,Reeders,Monroe,940
17035,Honey Grove,Juniata,940
15352,New Freeport,Greene,939
15547,Jennerstown,Somerset,936
16029,East Butler,Butler,931
18350,Pocono Pines,Monroe,927
18059,Laurys Station,Lehigh,925
16926,Granville Summit,Bradford,919
16160,West Pittsburg,Lawrence,907
17855,New Berlin,Union,906
15049,Harwick,Allegheny,904
15534,Buffalo Mills,Bedford,901
16636,Dysart,Cambria,898
15686,Spring Church,Armstrong,891
17235,Marion,Franklin,886
19009,Bryn Athyn,Montgomery,885
18435,Lackawaxen,Pike,878
15716,Black Lick,Indiana,876
15060,Midway,Washington,873
16131,Hartstown,Crawford,871
19456,Oaks,Montgomery,869
17021,East Waterford,Juniata,866
16362,Utica,Venango,863
17037,Ickesburg,Perry,862
16436,Spring Creek,Warren,859
17030,Gratz,Dauphin,859
15927,Colver,Cambria,857
15692,Westmoreland City,Westmoreland,852
16440,Venango,Crawford,850
16210,Adrian,Armstrong,849
15771,Rochester Mills,Indiana,848
16942,Osceola,Tioga,842
17758,Muncy Valley,Sullivan,841
15661,Loyalhanna,Westmoreland,836
16402,Bear Lake,Warren,836
15736,Elderton,Armstrong,835
16661,Madera,Clearfield,834
17214,Blue Ridge Summit,Franklin,828
17581,Terre Hill,Lancaster,824
17265,Upperstrasburg,Franklin,821
17964,Pitman,Schuylkill,819
15775,Spangler,Cambria,817
15623,Claridge,Westmoreland,817
16692,Westover,Clearfield,811
16932,Mainesburg,Tioga,810
15856,Rockton,Clearfield,804
17263,State Line,Franklin,799
17827,Freeburg,Snyder,796
15477,Roscoe,Washington,789
18335,Marshalls Creek,Monroe,788
15364,Sycamore,Greene,784
18087,Trexlertown,Lehigh,779
17941,Klingerstown,Schuylkill,774
16136,Koppel,Beaver,772
15341,Holbrook,Greene,772
16405,Columbus,Warren,771
16647,Hesston,Huntingdon,765
16829,Clarence,Centre,765
15662,Luxor,Westmoreland,759
15331,Ellsworth,Washington,753
15961,Vintondale,Cambria,750
15083,Sutersville,Westmoreland,750
16938,Morris,Tioga,749
17088,Schaefferstown,Lebanon,745
18915,Colmar,Montgomery,744
18451,Paupack,Pike,739
18616,Forksville,Sullivan,734
18030,Bowmanstown,Carbon,734
15362,Spraggs,Greene,733
18333,Kresgeville,Monroe,729
15676,Pleasant Unity,Westmoreland,729
18086,Treichlers,Northampton,725
16868,Pine Grove Mills,Centre,725
15076,Russellton,Allegheny,723
19436,Gwynedd,Montgomery,722
18471,Waverly,Lackawanna,722
16546,Erie,Erie,715
16640,Flinton,Cambria,707
16729,Duke Center,Mckean,707
17002,Allensville,Mifflin,699
15629,East Vandergrift,Westmoreland,697
15684,Slickville,Westmoreland,695
15377,West Finley,Washington,689
17832,Marion Heights,Northumberland,687
16679,Six Mile Run,Bedford,687
17850,Montandon,Northumberland,686
16621,Broad Top,Huntingdon,680
15779,Torrance,Westmoreland,679
15444,Hiller,Fayette,676
15640,Hutchinson,Westmoreland,676
17212,Big Cove Tannery,Fulton,673
15678,Rillton,Westmoreland,671
15324,Cokeburg,Washington,671
18371,Tamiment,Pike,670
19345,Immaculata,Chester,668
15538,Fairhope,Somerset,665
18970,Trumbauersville,Bucks,665
15773,Saint Benedict,Cambria,660
16851,Lemont,Centre,657
18829,Le Raysville,Bradford,656
17887,White Deer,Union,656
15920,Armagh,Indiana,656
18632,Mildred,Sullivan,655
15380,Wind Ridge,Greene,655
15315,Bobtown,Greene,648
15628,Donegal,Westmoreland,644
16674,Robertsdale,Huntingdon,643
16745,Rixford,Mckean,642
15433,East Millsboro,Fayette,641
18248,Sheppton,Schuylkill,634
19358,Modena,Chester,633
15470,Ohiopyle,Fayette,633
15551,Markleton,Somerset,632
15007,Bakerstown,Allegheny,629
15411,Addison,Somerset,629
16343,Reno,Venango,629
18331,Gilbert,Monroe,628
15671,New Derry,Westmoreland,625
18851,Warren Center,Bradford,624
16834,Drifting,Clearfield,616
16114,Clarks Mills,Mercer,613
18221,Drifton,Luzerne,611
18070,Palm,Montgomery,606
19550,Rehrersburg,Berks,602
16839,Grassflat,Clearfield,601
15937,Jerome,Somerset,600
17097,Wiconisco,Dauphin,598
17213,Blairs Mills,Huntingdon,597
16854,Millheim,Centre,597
15754,Lucernemines,Indiana,593
18241,Nuremberg,Schuylkill,587
17221,Fannettsburg,Franklin,582
18327,Delaware Water Gap,Monroe,577
17760,North Bend,Clinton,576
17550,Maytown,Lancaster,576
15739,Ernest,Indiana,574
16726,Cyclone,Mckean,572
17840,Locust Gap,Northumberland,568
16161,Wheatland,Mercer,567
15698,Yukon,Westmoreland,567
18830,Little Meadows,Susquehanna,566
17317,East Prospect,York,565
15484,Uledi,Fayette,557
15948,Revloc,Cambria,556
16623,Cassville,Huntingdon,552
19536,Lyon Station,Berks,552
18351,Portland,Northampton,549
16372,Clintonville,Venango,546
16927,Harrison Valley,Potter,545
17064,Mount Gretna,Lebanon,528
15957,Strongstown,Indiana,527
18439,Lakewood,Wayne,526
15546,Jenners,Somerset,523
15466,Newell,Fayette,521
18626,Laporte,Sullivan,519
15633,Forbes Road,Westmoreland,517
15611,Adamsburg,Westmoreland,514
16911,Arnot,Tioga,512
16921,Gaines,Tioga,511
15088,West Elizabeth,Allegheny,507
17219,Doylesburg,Franklin,506
17266,Walnut Bottom,Cumberland,506
16832,Coburn,Centre,503
17982,Tuscarora,Schuylkill,502
17220,Dry Run,Franklin,502
16250,Sagamore,Armstrong,502
18473,White Mills,Wayne,501
16420,Grand Valley,Warren,499
15346,Mather,Greene,495
16840,Hawk Run,Clearfield,494
18079,Slatedale,Lehigh,493
15350,Muse,Washington,490
16238,Manorville,Armstrong,487
15641,Hyde Park,Westmoreland,486
16329,Irvine,Warren,483
15753,La Jose,Clearfield,480
15366,Van Voorhis,Washington,478
16689,Waterfall,Fulton,477
18456,Prompton,Wayne,474
18342,Mountainhome,Monroe,473
16671,Ramey,Clearfield,472
15038,Elrama,Washington,470
17762,Picture Rocks,Lycoming,467
16230,Hawthorn,Clarion,467
15051,Indianola,Allegheny,466
15663,Madison,Westmoreland,466
16859,Moshannon,Centre,465
15734,Dixonville,Indiana,463
16113,Clark,Mercer,463
16879,Winburne,Clearfield,460
19492,Zieglerville,Montgomery,456
16311,Carlton,Mercer,453
15432,Dunlevy,Washington,453
15031,Cuddy,Allegheny,451
15660,Lowber,Westmoreland,448
15337,Graysville,Greene,447
16863,Olanta,Clearfield,443
16633,Defiance,Bedford,443
15078,Slovan,Washington,441
18980,Wycombe,Bucks,438
18625,Lake Winola,Wyoming,437
19554,Shartlesville,Berks,436
16344,Rouseville,Venango,436
17247,Quincy,Franklin,433
15951,Saint Michael,Cambria,432
15624,Crabtree,Westmoreland,430
18231,Kelayres,Schuylkill,429
15435,Fairbank,Fayette,429
17606,Lancaster,Lancaster,428
19319,Cheyney,Delaware,426
15412,Allenport,Washington,426
16244,Nu Mine,Armstrong,424
15086,Warrendale,Allegheny,422
15620,Bradenville,Westmoreland,419
15363,Strabane,Washington,418
15711,Anita,Jefferson,417
17888,Wilburton,Columbia,414
18462,Starrucca,Wayne,414
15949,Robinson,Indiana,409
16843,Hyde,Clearfield,408
15695,Wyano,Westmoreland,408
15490,White,Fayette,407
16882,Woodward,Centre,407
15715,Big Run,Jefferson,406
18234,Lattimer Mines,Luzerne,404
17246,Pleasant Hall,Franklin,402
16943,Sabinsville,Tioga,399
17951,Mar Lin,Schuylkill,389
18624,Lake Harmony,Carbon,389
17211,Artemas,Bedford,387
18441,Lenoxville,Susquehanna,385
17862,Penns Creek,Snyder,384
16022,Bruin,Butler,383
15841,Force,Elk,383
15455,Leisenring,Fayette,381
15004,Atlasburg,Washington,380
18063,Martins Creek,Northampton,378
17318,Emigsville,York,376
16826,Blanchard,Centre,376
19549,Port Clinton,Schuylkill,373
16228,Ford Cliff,Armstrong,372
18242,Oneida,Schuylkill,372
16750,Turtlepoint,Mckean,371
17953,Middleport,Schuylkill,371
15483,Stockdale,Washington,369
18256,Weston,Luzerne,368
17768,Shunk,Sullivan,367
16422,Harmonsburg,Crawford,366
15612,Alverton,Westmoreland,366
17010,Campbelltown,Lebanon,363
18962,Silverdale,Bucks,361
15713,Aultman,Indiana,358
15368,Vestaburg,Washington,357
15313,Beallsville,Washington,355
16848,Lamar,Clinton,352
18083,Stockertown,Northampton,351
16140,New Bedford,Lawrence,349
17249,Rockhill Furnace,Huntingdon,348
15413,Allison,Fayette,347
16132,Hillsville,Lawrence,347
18845,Stevensville,Bradford,345
15347,Meadow Lands,Washington,345
16054,Saint Petersburg,Clarion,344
19474,Skippack,Montgomery,344
17253,Saltillo,Huntingdon,343
17272,Zullinger,Franklin,342
18602,Bear Creek,Luzerne,342
15325,Crucible,Greene,341
16326,Fryburg,Clarion,340
15430,Dickerson Run,Fayette,339
15536,Crystal Spring,Fulton,338
18828,Lawton,Susquehanna,337
17306,Bendersville,Adams,337
17835,Laurelton,Union,336
16861,New Millport,Clearfield,335
18246,Rock Glen,Luzerne,334
15731,Coral,Indiana,334
16334,Marble,Clarion,330
15615,Ardara,Westmoreland,330
16110,Adamsville,Crawford,328
17923,Branchdale,Schuylkill,327
17957,Muir,Schuylkill,326
15647,Larimer,Westmoreland,325
16620,Brisbin,Clearfield,323
19559,Strausstown,Berks,322
16030,Eau Claire,Butler,322
16036,Foxburg,Clarion,322
17355,Railroad,York,321
15562,Springs,Somerset,321
15462,Melcroft,Fayette,321
15634,Grapeville,Westmoreland,320
15489,West Leisenring,Fayette,319
16691,Wells Tannery,Fulton,318
16619,Blandburg,Cambria,318
17779,Woolrich,Clinton,318
17930,Cumbola,Schuylkill,318
16847,Kylertown,Clearfield,317
15827,Byrnedale,Elk,317
16634,Dudley,Huntingdon,315
15054,Langeloth,Washington,315
18932,Line Lexington,Bucks,311
16939,Morris Run,Tioga,310
15081,South Heights,Beaver,310
15520,Acosta,Somerset,310
16024,Callery,Butler,310
15434,Elco,Washington,308
16860,Munson,Clearfield,308
18817,East Smithfield,Bradford,305
17934,Gilberton,Schuylkill,304
16680,Smithmill,Clearfield,303
17508,Brownstown,Lancaster,302
16821,Allport,Clearfield,301
16665,Newry,Blair,300
17080,Pillow,Dauphin,297
17261,South Mountain,Franklin,297
15539,Fishertown,Bedford,296
17978,Spring Glen,Schuylkill,296
17005,Berrysburg,Dauphin,295
16835,Fleming,Centre,295
17925,Brockton,Schuylkill,294
16260,Vowinckel,Clarion,293
17271,Willow Hill,Franklin,292
15006,Bairdford,Allegheny,292
17974,Seltzer,Schuylkill,291
15617,Arona,Westmoreland,291
17041,Lawn,Lebanon,290
15540,Fort Hill,Somerset,289
17223,Fort Littleton,Fulton,288
15646,Jones Mills,Westmoreland,288
18244,Parryville,Carbon,287
18463,Sterling,Wayne,286
15778,Timblin,Jefferson,283
16236,Mc Grann,Armstrong,282
17829,Hartleton,Union,281
17749,Mc Ewensville,Northumberland,279
18469,Tyler Hill,Wayne,279
17920,Aristes,Columbia,278
17081,Plainfield,Cumberland,278
15847,Knox Dale,Jefferson,277
16027,Connoquenessing,Butler,276
16685,Todd,Huntingdon,274
16370,West Hickory,Forest,271
16333,Ludlow,Mckean,269
18443,Milanville,Wayne,269
18461,Starlight,Wayne,269
16876,Wallaceton,Clearfield,268
15962,Wilmore,Cambria,267
16212,Cadogan,Armstrong,267
15696,Youngstown,Westmoreland,263
15429,Denbo,Washington,261
15866,Troutville,Clearfield,259
15922,Belsano,Cambria,259
16683,Spruce Creek,Huntingdon,259
15064,Morgan,Allegheny,257
15677,Rector,Westmoreland,257
15960,Twin Rocks,Cambria,255
17256,Shady Grove,Franklin,254
17215,Burnt Cabins,Fulton,253
15334,Garards Fort,Greene,251
16263,Yatesboro,Armstrong,251
15420,Cardale,Fayette,250
16734,James City,Elk,250
16825,Bigler,Clearfield,246
17750,Mackeyville,Clinton,245
16744,Rew,Mckean,245
17072,New Kingstown,Cumberland,243
15310,Aleppo,Greene,242
16672,Riddlesburg,Bedford,242
18245,Quakake,Schuylkill,242
15482,Star Junction,Fayette,241
15447,Isabella,Fayette,240
18619,Hillsgrove,Sullivan,239
17371,York New Salem,York,235
17885,Weikert,Union,235
15448,Jacobs Creek,Westmoreland,234
17776,Waterville,Lycoming,232
15832,Driftwood,Cameron,231
16659,Loysburg,Bedford,230
19316,Brandamore,Chester,229
15449,Keisterville,Fayette,229
16245,Oak Ridge,Armstrong,229
15770,Ringgold,Jefferson,229
18349,Pocono Manor,Monroe,228
15361,Southview,Washington,224
17952,Mary D,Schuylkill,223
17836,Leck Kill,Northumberland,221
18220,Delano,Schuylkill,221
17763,Ralston,Lycoming,217
15828,Clarington,Forest,217
15712,Arcadia,Indiana,215
16328,Hydetown,Crawford,215
18437,Lake Como,Wayne,214
16940,Nelson,Tioga,213
18340,Millrift,Pike,211
17311,Codorus,York,211
16853,Milesburg,Centre,210
17968,Sacramento,Schuylkill,210
18239,Milnesville,Luzerne,210
18842,South Gibson,Susquehanna,209
17949,Mahanoy Plane,Schuylkill,209
16246,Plumville,Indiana,208
16733,Hazel Hurst,Mckean,208
19017,Chester Heights,Delaware,206
18920,Erwinna,Bucks,205
18814,Burlington,Bradford,205
16677,Sandy Ridge,Centre,204
18950,Point Pleasant,Bucks,204
15359,Rogersville,Greene,203
16837,Glen Richey,Clearfield,203
15689,United,Westmoreland,202
15930,Dunlo,Cambria,201
18653,Ransom,Lackawanna,200
18628,Lopez,Sullivan,199
17730,Dewart,Northumberland,199
17861,Paxtonville,Snyder,196
15745,Heilwood,Indiana,196
16727,Derrick City,Mckean,196
18823,Harford,Susquehanna,194
18622,Huntington Mills,Luzerne,193
16852,Madisonburg,Centre,193
15077,Shippingport,Beaver,192
16694,Wood,Bedford,191
16732,Gifford,Mckean,189
16624,Chest Springs,Cambria,189
16645,Glen Hope,Clearfield,189
16352,Tiona,Warren,189
18413,Clifford,Susquehanna,189
17884,Washingtonville,Montour,188
15348,Millsboro,Washington,186
15561,Sipesville,Somerset,185
18843,South Montrose,Susquehanna,185
15863,Stump Creek,Jefferson,184
17731,Eagles Mere,Sullivan,181
16725,Custer City,Mckean,179
15750,Josephine,Indiana,177
15721,Burnside,Clearfield,175
15492,Wickhaven,Fayette,171
15727,Clune,Indiana,171
15756,Mc Intyre,Indiana,171
15738,Emeigh,Cambria,169
15655,Laughlintown,Westmoreland,169
17075,Newton Hamilton,Mifflin,167
15925,Cassandra,Cambria,167
16849,Lanse,Clearfield,166
15460,Martin,Fayette,166
15680,Salina,Westmoreland,166
17778,Westport,Clinton,165
16616,Beccaria,Clearfield,164
15446,Indian Head,Fayette,162
19511,Bowers,Berks,161
18081,Springtown,Bucks,159
19544,Mount Aetna,Berks,159
16416,Garland,Warren,158
17239,Neelyton,Huntingdon,156
17217,Concord,Franklin,155
19542,Monocacy Station,Berks,153
15082,Sturgeon,Allegheny,153
15733,De Lancey,Jefferson,152
18223,Ebervale,Luzerne,152
17867,Rebuck,Northumberland,150
17880,Swengel,Union,149
17944,Llewellyn,Schuylkill,149
17748,Mc Elhattan,Clinton,148
15316,Brave,Greene,147
16937,Mills,Potter,146
16427,Mill Village,Erie,146
15744,Hamilton,Jefferson,145
15532,Boynton,Somerset,144
15028,Coulters,Allegheny,143
15764,Oliveburg,Jefferson,143
18046,East Texas,Lehigh,142
15472,Oliver,Fayette,142
15693,Whitney,Westmoreland,141
15422,Chestnut Ridge,Fayette,140
17270,Williamson,Franklin,140
17069,New Buffalo,Perry,140
19519,Earlville,Berks,140
18457,Rowland,Pike,140
15760,Marsteller,Cambria,137
15861,Sinnamahoning,Cameron,135
16155,Villa Maria,Lawrence,135
17945,Locustdale,Schuylkill,135
15353,Nineveh,Greene,134
18455,Preston Park,Wayne,134
15761,Mentcle,Indiana,132
16622,Calvin,Huntingdon,132
19375,Unionville,Chester,131
16223,Distant,Armstrong,130
19477,Spring House,Montgomery,129
15560,Shanksville,Somerset,129
16217,Cooksburg,Forest,128
16035,Forestville,Butler,127
17083,Quentin,Lebanon,126
15440,Gibbon Glade,Fayette,125
15710,Alverda,Indiana,124
16213,Callensburg,Clarion,123
15467,New Geneva,Fayette,123
16724,Crosby,Mckean,122
15821,Benezett,Elk,122
17056,Mexico,Juniata,120
17210,Amberson,Franklin,119
17979,Summit Station,Schuylkill,118
17570,Rheems,Lancaster,117
15780,Valier,Jefferson,116
16631,Curryville,Blair,116
17946,Lost Creek,Schuylkill,115
15730,Coolspring,Jefferson,113
17507,Bowmansville,Lancaster,112
17943,Lavelle,Schuylkill,111
15635,Hannastown,Westmoreland,110
17071,New Germantown,Perry,110
18427,Hamlin,Wayne,108
15379,West Middletown,Washington,108
15053,Joffre,Washington,107
18357,Skytop,Monroe,107
19457,Parker Ford,Chester,107
17029,Granville,Mifflin,105
16048,North Washington,Butler,104
16855,Mineral Springs,Clearfield,103
16253,Seminole,Armstrong,102
15544,Gray,Somerset,102
18816,Dimock,Susquehanna,101
15463,Merrittstown,Fayette,100
15454,Leckrone,Fayette,97
18323,Buck Hill Falls,Monroe,95
19523,Geigertown,Berks,95
18230,Junedale,Carbon,91
17933,Friedensburg,Schuylkill,90
18460,South Sterling,Wayne,89
16941,Genesee,Potter,88
17076,Oakland Mills,Juniata,86
16322,Endeavor,Forest,86
15781,Walston,Jefferson,86
18212,Ashfield,Carbon,86
15953,Seanor,Somerset,85
15746,Hillsdale,Indiana,83
19367,Pomeroy,Chester,82
19113,Philadelphia,Delaware,82
16151,Sheakleyville,Mercer,81
17727,Cedar Run,Lycoming,81
17251,Roxbury,Franklin,80
15638,Hostetter,Westmoreland,79
16211,Beyer,Indiana,79
15783,West Lebanon,Indiana,78
15737,Elmora,Cambria,78
15921,Beaverdale,Cambria,76
15047,Greenock,Allegheny,74
15777,Starford,Indiana,74
17254,Scotland,Franklin,73
15087,Webster,Westmoreland,73
17729,Cross Fork,Potter,72
17039,Kleinfeltersville,Lebanon,71
18825,Jackson,Susquehanna,69
17343,Mc Knightstown,Adams,68
16730,East Smethport,Mckean,68
19564,Virginville,Berks,66
15621,Calumet,Westmoreland,66
18454,Poyntelle,Wayne,65
16871,Pottersdale,Clearfield,64
15502,Hidden Valley,Somerset,64
18459,South Canaan,Wayne,58
18356,Shawnee On Delaware,Monroe,58
15741,Gipsy,Indiana,58
15776,Sprankle Mills,Jefferson,56
17723,Jersey Shore,Lycoming,54
15476,Ronco,Fayette,54
15555,Quecreek,Somerset,54
15075,Rural Ridge,Allegheny,50
15564,Wellersburg,Somerset,49
16331,Kossuth,Clarion,49
15945,Parkhill,Cambria,48
17742,Lairdsville,Lycoming,46
15784,Worthville,Jefferson,46
15378,Westland,Washington,45
18913,Carversville,Bucks,42
15625,Darragh,Westmoreland,42
15929,Dilltown,Indiana,41
18420,Fleetville,Lackawanna,41
15752,Kent,Indiana,40
16638,Entriken,Huntingdon,40
15421,Chalk Hill,Fayette,39
19435,Frederick,Montgomery,38
19538,Maxatawny,Berks,37
15020,Bunola,Allegheny,36
17865,Potts Grove,Northumberland,35
16728,De Young,Elk,33
17250,Rouzerville,Franklin,33
18105,Allentown,Lehigh,31
17739,Jersey Mills,Lycoming,31
17767,Salona,Clinton,31
16321,East Hickory,Forest,31
16332,Lickingville,Clarion,29
16670,Queen,Bedford,28
15934,Elton,Cambria,26
16682,Sproul,Blair,22
18935,Milford Square,Bucks,20
18035,Cherryville,Northampton,14
18251,Sybertsville,Luzerne,13
19535,Limekiln,Berks,12
15723,Chambersville,Indiana,12
16361,Tylersburg,Clarion,11
18912,Buckingham,Bucks,10
19472,Sassamansville,Montgomery,10
15072,Pricedale,Westmoreland,8
15443,Hibbs,Fayette,8
17576,Smoketown,Lancaster,6
16699,Cresson,Cambria,0
16312,Chandlers Valley,Warren,0
18016,Bethlehem,Northampton,0
18936,Montgomeryville,Montgomery,0
18430,Herrick Center,Susquehanna,0
18068,Old Zionsville,Lehigh,0
18195,Allentown,Lehigh,0
18225,Harleigh,Luzerne,0
19109,Philadelphia,Philadelphia,0
19112,Philadelphia,Philadelphia,0
19442,Kimberton,Chester,0
15616,Armbrust,Westmoreland,0
15260,Pittsburgh,Allegheny,0
15290,Pittsburgh,Allegheny,0
15691,Wendel,Westmoreland,0
17077,Ono,Lebanon,0
17120,Harrisburg,Dauphin,0
17822,Danville,Montour,0
